Dept ID,Department,Network,Total Staff,Teaching Staff,Total Staff Budget,Teaching Staff Budget,Students,Teacher Spending Per Student
49021,Northside Learning Center,Network 14,85,33,4235526,2290779,275,8330.12
11675,Diverse Lrn Related Svc Prv CW,,1300,0,85764562,0,0,0.0
23231,Telpochcalli,Network 7,41,26,2500251,1830857,211,8677.05
23131,Esmond School,Network 10,35,17,2157144,1358372,235,5780.32
25351,Jesse Sherwood School,ISP,37,22,2365936,1678363,201,8350.05
25711,James Wadsworth School,Network 9,60,33,3255825,2193333,461,4757.78
23911,Edward N Hurley School,Network 10,72,51,4217109,3321725,732,4537.89
47061,Senn Metropolitan Academy Of Liberal Arts & Technology,Network 14,145,87,8410683,5639124,1597,3531.08
31281,Orozco Academy,Network 7,63,36,3234844,2181057,275,7931.14
46181,Thomas Kelly High School,Network 16,202,128,13172180,9654921,1637,5897.96
47101,Whitney M Young Magnet High School,Network 15,164,107,11429541,8155329,2230,3657.09
24771,Oriole Park School,Network 1,62,47,3507826,2931164,603,4860.95
22941,William E Dever School,Network 1,73,51,3896345,3046857,705,4321.77
29311,John H Vanderpoel Magnet Sch,Network 10,31,18,1675063,1077090,245,4396.29
24761,William J Onahan School,Network 1,51,36,3314862,2660160,645,4124.28
46321,Lincoln Park High School,Network 14,174,117,10767893,7942144,2210,3593.71
22771,Edward Coles Model For Excellence School,Network 12,44,29,2835669,2183632,257,8496.63
22531,Daniel R Cameron Elementary School,Network 5,77,51,4619690,3543870,640,5537.3
29011,Thomas A Edison Reg Gifted Ct,Network 1,23,16,1323637,974357,266,3663.0
24721,West Park Academy,Network 5,56,39,3557635,2826365,404,6995.96
23301,John W Garvy School,Network 1,65,48,4326311,3508920,706,4970.19
29221,Philip Murray Language Academy,Network 9,47,24,2813202,1467759,472,3109.66
22351,William H Brown Elementary School,Network 6,40,22,2036979,1450566,233,6225.62
25601,James N Thorp School,Network 12,47,21,2427285,1387654,303,4579.75
24021,Joyce Kilmer School,Network 2,86,58,5129767,3967673,784,5060.83
26601,William E B Dubois School,Network 13,29,17,1793454,1231343,180,6840.79
46291,Charles P Steinmetz Academic C,Network 14,137,82,9101607,6458038,1149,5620.53
22681,Eliza Chappell Elementary School,Network 2,68,42,3605568,2521714,586,4303.25
25151,Cesar E Chavez Multiclt Acad C,ISP,101,64,5678712,4224983,792,5334.64
46281,Carl Schurz High School,Network 14,181,126,11544765,9237722,1169,7902.22
25761,Joseph Warren School,Network 12,29,16,1374893,803850,251,3202.59
22061,Philip D Armour School,ISP,36,18,1813988,1115927,241,4630.42
25211,Sauganash School,Network 1,48,35,3104210,2487760,671,3707.55
25301,William H Seward Com Arts Acad,Network 8,69,42,4249743,3112310,362,8597.57
22881,Charles R Darwin School,Network 4,50,32,2796734,2029607,501,4051.12
22081,George Armstrong Elementary School,ISP,123,88,7745788,6253494,1261,4959.11
23651,Robert Healy School,Network 6,120,80,7056526,5511472,1177,4682.6
25731,John A Walsh Elementary School,Network 7,56,36,2710872,1924047,299,6434.93
22401,Luther Burbank School,Network 3,88,52,5208787,3766573,682,5522.81
47021,William Jones Academic Mag HS,Network 15,148,103,9110537,6970146,1970,3538.19
22371,Bouchet Academy,Network 12,64,32,3659086,2119979,612,3464.02
22231,Alexander Graham Bell School,Network 4,90,57,5574895,3990759,888,4494.18
30141,Courtenay Language Arts Center,Network 2,82,39,4192017,2428930,275,8832.48
26391,George Leland School,Network 3,56,35,3263952,2332508,321,7266.37
49051,Simpson Academy for Young Women,,18,13,1112420,1008452,0,0.0
31181,Francis W Parker Comm Academy,Network 11,66,36,3887569,2570028,344,7470.97
23341,J W Von Goethe School,Network 4,77,52,3925126,3052397,710,4299.16
25771,George Washington School,Network 13,72,47,4527350,3502245,562,6231.73
23491,Nathan Hale School,Network 10,88,59,5480578,4426118,756,5854.67
24241,Joseph Lovett School,Network 3,39,26,2376052,1782705,326,5468.42
70020,Walter Payton College Preperatory HS,Network 15,102,74,6160559,4910857,1257,3906.82
24461,Hanson Park School,Network 3,171,103,10060578,7354608,1049,7011.1
24401,Oscar F Mayer Elementary School,Network 4,78,42,4415748,2907504,705,4124.09
23201,Fernwood School,Network 13,28,13,1509847,825514,243,3397.17
46251,Morgan Park High School,Network 16,127,78,8296092,5873095,1202,4886.1
24431,Cyrus H Mccormick School,Network 7,71,47,4365819,3263989,438,7452.04
22171,Newton Bateman School,Network 1,88,59,5159433,4019502,873,4604.23
25581,Mancel Talcott School,Network 6,60,37,3117506,2222703,522,4258.08
53061,Neal F Simeon Voc High School,Network 17,126,67,7144946,4498955,1143,3936.04
25631,Enrico Tonti School,Network 8,94,62,5708295,4436262,766,5791.53
24221,Henry D Lloyd School,Network 3,103,70,6019934,4808604,795,6048.56
29071,Gerald Delgado Kanoon Magnet School,Network 7,63,41,3637186,2576231,344,7489.03
25471,Adlai E Stevenson School,Network 10,112,71,6937511,5131158,1131,4536.8
25101,Frank W Reilly School,Network 4,94,60,5638398,4408828,520,8478.53
46311,William Howard Taft High School,Network 14,249,172,16886588,12967709,4320,3001.8
31261,Jose De Diego Comm Academy,Network 5,79,44,4195713,2773974,561,4944.72
25951,Richard J Daley Academy,Network 8,59,36,3555115,2599526,475,5472.7
24821,John M Palmer School,ISP,67,48,4557214,3729306,738,5053.27
41111,Marine Leadership Acad at Ames,Network 14,84,52,5306559,3571353,571,6254.57
31211,Pulaski International School of Chicago,Network 6,81,49,4786931,3241397,912,3554.19
24711,Norwood Park School,Network 1,39,25,2303955,1697035,287,5913.01
24201,Carl Von Linne School,Network 4,59,42,3673640,2981587,695,4290.05
23041,John F Eberhart School,Network 10,121,80,7416215,5820047,949,6132.85
22201,Jean Baptiste Beaubien School,Network 1,78,52,5466783,4053646,985,4115.41
24941,Mary G Peterson School,Network 1,82,58,4695348,3786329,864,4382.43
46331,George Washington High School,Network 17,138,86,8271708,5852628,1517,3858.07
23751,South Loop School,ISP,66,46,3551888,2542513,797,3190.07
30011,Nancy B Jefferson Alt School,,63,53,5424664,4788968,0,0.0
11385,City Wide Early Childhood,,100,1,5341098,55096,0,0.0
22311,Brentano Math & Science Academy,Network 4,51,33,2792140,2042630,785,2602.08
23811,Rufus M Hitch School,Network 1,47,35,2972716,2379245,490,4855.61
46141,Gage Park High School,Network 16,63,28,3429942,1782339,358,4978.6
46421,Benito Juarez High School,Network 15,156,111,9618018,7615405,1656,4598.68
23621,Stephen K Hayt School,Network 2,93,65,5627078,4458013,789,5650.22
46121,Paul Robeson High School,,30,15,1622515,1022705,0,0.0
25931,Ludwig Von Beethoven School,Network 9,46,23,2451861,1628046,303,5373.09
25661,Mark Twain School,Network 10,90,60,5794813,4700695,821,5725.54
47031,Emil G Hirsch Metropolitan High School,Network 17,30,11,1782691,829263,118,7027.64
24531,James Monroe School,Network 4,81,58,5138796,4154886,606,6856.27
25071,William H Ray School,Network 9,71,46,4124302,3051386,620,4921.58
45211,Chicago Academy School,Network 1,57,34,3184723,2303116,541,4257.13
41061,Frederick A Douglass Academy High School,Network 15,25,14,1649926,1092813,30,36427.1
32011,Albany Park Multi Acad School,Network 1,28,17,1635130,1025933,241,4256.99
26651,Mahalia Jackson School,Network 11,47,25,2515588,1707089,289,5906.87
25031,Ernst Prussing,Network 1,59,43,3504289,2834251,641,4421.58
24281,Mary Lyon School,Network 3,122,87,7027527,5558226,946,5875.46
25021,William H Prescott School,Network 4,37,23,2278780,1634855,477,3427.36
53091,David G Farragut Career Academy High School,Network 16,113,54,6264037,3505713,479,7318.79
23901,Charles Evans Hughes School,Network 7,34,20,1471594,972414,173,5620.88
23401,William P Gray School,Network 1,104,74,6876601,5632151,970,5806.37
46511,Lindblom Math and Science Academy High School,Network 16,123,84,6760823,4863563,1307,3721.15
29161,Lasalle Language Academy School,Network 4,55,39,3327419,2656494,464,5725.21
26721,Sandoval School,Network 8,86,52,5335498,4091722,697,5870.47
25231,Sidney Sawyer School,Network 8,133,86,7991379,6103165,865,7055.72
23421,Ariel Community Academy,Network 9,52,34,2859730,2130596,315,6763.81
46381,Carver Military High School,Network 17,53,22,3325053,1707742,450,3794.95
24841,Park Manor Elementary School,Network 12,32,16,1991399,1264829,261,4846.08
24981,Ambrose Plamondon School,ISP,25,12,1019350,610029,93,6559.45
25881,Wildwood IB World Magnet,Network 1,47,30,3004754,2129841,526,4049.14
46021,Hancock High School,Network 15,79,56,5370471,4211254,1050,4010.68
24611,Wolfgang A Mozart School,Network 4,71,49,4118877,3256646,471,6914.29
23591,Helge A Haugan School,ISP,95,63,5742238,4530410,1030,4398.46
25491,Edward F Dunne School,Network 13,26,14,1707149,1142189,185,6173.99
22831,Peter Cooper Dual Language Academy,Network 7,60,35,3470517,2528470,420,6020.17
23681,James Hedges School Main,Network 8,71,45,4151429,3142358,468,6714.44
53041,Charles Allen Prosser Career Academy,Network 15,139,78,8627119,5431602,1224,4437.53
24591,Mount Greenwood Elementary School,ISP,77,54,4687480,3714403,1172,3169.27
25241,Jonathan Y Scammon School,Network 1,65,48,3562774,2928095,597,4904.71
22131,Alice L Barnard Comp Mth/Sc Ct,Network 10,38,18,2233581,1232881,226,5455.24
46361,Kenwood Academy,Network 17,136,91,9062877,6736993,2223,3030.59
26281,Henry O Tanner School,Network 12,42,25,2541824,1897433,239,7939.04
22091,Audubon Elementary School,Network 4,52,38,3299092,2715887,489,5553.94
29041,Turner-Drew Language Academy,Network 11,35,16,1960925,1042272,176,5922.01
25921,Ella Flagg Young School,Network 3,77,49,5122011,3949001,402,9823.42
22751,Dewitt Clinton School,ISP,95,73,5459261,4454878,1029,4329.31
23461,Robert L Grimes School,Network 10,51,33,2626289,1937235,357,5426.44
23141,Edward Everett Elementary School,ISP,29,15,1168034,733970,84,8737.74
25381,John D Shoop School,Network 13,44,27,2623517,1855116,433,4284.35
29141,Galileo Scholastic Academy Of Math & Science,Network 6,49,28,3243463,2183111,552,3954.93
46241,Stephen T Mather High School,Network 14,138,99,9491601,7516085,1713,4387.69
26331,Richard Henry Lee School,ISP,73,47,4753706,3699534,570,6490.38
24231,Josephine C Locke School,Network 3,125,82,7601063,5889032,1028,5728.68
23991,Joshua D Kershaw School,Network 11,39,22,1974634,1251111,204,6132.89
24681,William P Nixon School,Network 4,75,51,4750059,3679560,665,5533.19
25431,Hannah G Solomon School,Network 1,45,26,2721199,1942617,307,6327.75
29201,Mark Sheridan Mathematics & Science Academy,Network 6,48,29,2943945,2025354,517,3917.53
22241,Frank I Bennett School,Network 13,31,18,1705523,1093239,289,3782.84
51071,William H Wells Comm Acad HS,Network 15,54,28,3208880,1894406,419,4521.23
46221,Albert G Lane Tech High School,Network 14,301,227,19280096,16005728,4650,3442.09
22501,Michael M Byrne School,Network 10,62,42,3894866,3065793,551,5564.07
22971,Arthur Dixon School,Network 12,45,28,2822916,2025684,390,5194.06
25521,Harriet Beecher Stowe School,Network 5,74,51,4422169,3569980,574,6219.49
22541,Arthur E Canty,Network 1,70,50,4241228,3456141,790,4374.9
24661,Louis Nettelhorst School,Network 4,78,51,4497844,3410095,645,5286.95
23541,William F Finkl School,Network 7,50,29,2911489,2101952,211,9961.83
46211,Lake View High School,Network 14,122,78,8057671,5968618,1474,4049.3
25371,Beulah Shoesmith School,Network 9,36,24,2039379,1538271,296,5196.86
25011,Portage Park Elementary School,Network 1,82,56,5143190,4041683,899,4495.75
25911,Richard Yates School,Network 5,72,46,4111715,3032298,280,10829.61
22811,Jordan Community School,Network 2,59,38,3363699,2518320,470,5358.13
26021,Willa Cather School,Network 5,43,28,2586329,1960892,293,6692.46
24051,Lazaro Cardenas School,ISP,59,41,3498745,2678546,725,3694.55
23361,Virgil Grissom School,Network 13,37,22,2213041,1628135,266,6120.82
22181,Lillian R Nicholson Specialty School For Science & Mathem,Network 11,52,32,3407597,2407873,439,5484.91
24631,Ronald H Brown Community Academy,Network 13,35,21,2198681,1593332,267,5967.51
46401,Percy L Julian High School,Network 16,86,46,5133583,3310137,424,7806.94
24641,Henry H Nash School,Network 3,34,22,1921641,1367260,288,4747.42
46341,Gurdon S Hubbard High School,Network 16,156,89,10343876,6729551,1581,4256.5
23001,John C Dore School,Network 10,62,42,3837332,3019710,711,4247.17
22161,Perkins Bass School,Network 11,44,26,2717188,2007735,293,6852.35
23531,Charles G Hammond School,Network 7,59,38,2879867,2023342,236,8573.48
26591,Medgar Evers School,Network 11,34,19,2174109,1447553,194,7461.61
31251,Thomas J Higgins Comm Academy,Network 13,33,19,1686781,1080941,269,4018.37
23931,Minnie Mars Jamieson School,Network 2,77,53,4776096,3782833,788,4800.56
46061,Northside College Prep,Network 14,98,68,6647754,5225889,1069,4888.56
46031,Roald Amundsen High School,Network 14,111,52,7334254,3991800,1447,2758.69
41051,Michelle Clark Acad Prep Mag H,ISP,65,30,3708572,2036929,473,4306.4
46271,Theodore Roosevelt High School,Network 14,125,89,7843411,6289261,1085,5796.55
25141,Philip Rogers School,Network 2,76,52,4593551,3585007,791,4532.26
22521,Little Village Academy,ISP,75,53,4253354,3355679,547,6134.69
23051,Christian Ebinger School,Network 1,60,43,3863526,3108720,694,4479.43
23081,Richard Edwards School,Network 8,148,85,8344657,5802780,1124,5162.6
70070,Chicago Mil Acad - Bronzeville,Network 17,39,20,2447951,1352878,231,5856.63
51091,Roberto Clemente Community Academy High School,Network 15,91,49,4143282,2156108,766,2814.78
53101,Marie Sklodowska Curie Metropolitan High School,Network 15,290,143,18614670,10847996,2985,3634.21
24671,Florence Nightingale School,Network 8,113,73,6840172,5324869,876,6078.56
23031,Charles W Earle School,Network 11,47,28,3006922,2088672,272,7678.95
29261,Edgar Allan Poe Classical Scho,Network 13,20,7,1258213,496541,228,2177.82
22331,Orville T Bright Elementary School,Network 13,42,24,2227873,1469726,189,7776.33
22891,Nathan S Davis School & Annex,Network 8,77,50,4691585,3604546,524,6878.87
22761,Henry R Clissold School,Network 10,60,28,3440727,1866411,446,4184.8
29231,Walter L Newberry Mathematics & Science Academy,Network 4,65,33,3726472,2158796,311,6941.44
29291,Stone Scholastic Academy,Network 2,63,30,3714999,1875220,554,3384.9
22321,Norman Bridge School,Network 1,92,66,5338633,4253879,1072,3968.16
25121,Paul Revere Accelerated School,Network 12,30,18,1528092,1073522,199,5394.58
29321,Beasley Academic Center Magnet,Network 9,118,63,6902099,4255123,1136,3745.68
23821,Charles N Holden School,ISP,56,38,3493765,2705321,395,6848.91
26631,Oscar Depriest School,Network 3,69,43,4321109,3279669,439,7470.78
47091,Chicago HS for Agricultural Sc,ISP,77,34,4677838,2438082,776,3141.89
24441,Emmit Louis Till Math/Sci Acad,Network 9,38,21,2078630,1357945,345,3936.08
46131,Edwin G Foreman High School,Network 14,103,64,6797975,5041515,613,8224.32
23381,Robert J. Richardson Middle,Network 10,88,67,5516586,4820483,807,5973.29
24961,Josiah L Pickard School,Network 7,52,31,3033919,2154622,321,6712.2
46371,King Selective Enrollment HS,Network 17,73,41,4669791,3253199,810,4016.31
29381,Robert A Black Magnet School,Network 12,40,24,2589548,1826653,368,4963.72
46171,Hyde Park Career Academy,Network 17,84,45,5248738,3221301,861,3741.36
29181,James E Mcdade Classical School,Network 12,23,9,1167326,556208,210,2648.61
30101,Ruben Salazar Bilingual Education Center School,ISP,37,24,2250159,1652092,355,4653.76
46431,North Grand High School,Network 15,98,60,5846952,4135098,1021,4050.01
26781,Talman School,ISP,49,29,2727483,1899801,320,5936.85
23891,Countee Cullen School,Network 13,19,12,1277413,865783,156,5549.92
22871,Everett Mckinley Dirksen School,Network 1,66,51,4524965,3879431,1244,3118.5
23161,James B Farnsworth School,Network 1,71,43,4407199,3312525,479,6915.52
26031,R Nathaniel Dett,Network 6,48,28,2954053,2029962,298,6811.97
22411,Edmund Burke Elementary School,Network 9,61,33,3196056,1987485,294,6760.16
31161,Lawndale Community Academy School,Network 5,30,16,1696527,1050927,194,5417.15
24741,Richard J Oglesby School,Network 11,52,32,2792074,1992055,265,7517.19
53011,Chicago Vocational Career Academy,Network 17,112,61,6623233,4148494,636,6522.78
53121,Edward Tilden Career Commmunity Academy,Network 16,51,26,2832787,1776147,242,7339.46
23021,Thomas Drummond School,Network 6,42,22,2387621,1580350,324,4877.6
23561,Bret Harte School,Network 9,34,20,2158501,1416495,314,4511.11
24471,James B Mcpherson School,Network 2,101,56,5697489,3830613,760,5040.26
24891,Helen C Peirce School Of International Studies,ISP,83,61,5350751,4398718,1107,3973.54
25191,William H Ryder Math/Science Specialty School,Network 11,56,28,3174952,2145357,344,6236.5
29091,Matthew Gallistel Language Academy,Network 13,91,52,5826766,4033972,588,6860.48
23971,Kate S Kellogg School,Network 10,31,18,1918383,1397762,298,4690.5
24731,William B Ogden School,Network 15,152,103,8660229,6508837,836,7785.77
24251,James Russell Lowell Elementary School,Network 5,61,36,3617114,2755191,287,9599.95
25681,Alessandro Volta School,Network 1,78,54,4986314,3927984,722,5440.41
30051,Daniel Carter Beard School,,63,20,2990449,1302410,0,0.0
23611,Emiliano Zapata Academy,Network 7,92,56,5015225,3793055,436,8699.63
23151,Laughlin Falconer School,Network 3,100,70,6219877,5167994,821,6294.82
22391,Lyman A Budlong School,ISP,80,55,4400665,3441228,748,4600.56
22851,Daniel J Corkery School,Network 7,58,35,3277207,2361840,430,5492.65
26831,Durkin Park School,Network 10,65,45,3841834,3010774,647,4653.47
47051,Gwendolyn Brooks High School,ISP,82,52,5063888,3651489,999,3655.13
26251,Irvin C Mollison School,Network 9,47,30,2731767,2035609,216,9424.1
24921,Harold Washington School,Network 12,39,25,2302105,1712016,239,7163.23
22141,John Barry Elementary School,Network 4,68,51,4033204,3264723,449,7271.11
22821,John C Coonley School,Network 2,90,59,5043615,3731226,730,5111.26
22661,Horace Greeley School,Network 4,69,47,3850962,2990936,327,9146.54
22301,Alex Haley School,Network 13,62,36,3821132,2881096,424,6795.03
25291,Franz Peter Schubert School,Network 3,77,53,4595700,3539273,569,6220.15
11673,Diverse Lrn Service Delivery,,73,0,5380727,0,0,0.0
24911,William Penn School,Network 7,53,27,3012872,1993871,191,10439.13
26381,Oliver S Westcott School,Network 11,44,27,2361053,1673442,367,4559.79
22801,John W Cook School,Network 11,39,24,2586836,1874794,274,6842.29
24191,Abraham Lincoln School,Network 4,65,44,4038458,2804177,840,3338.29
24991,Laura S Ward School,Network 5,54,30,2723453,1692265,266,6361.89
24361,John L Marsh School,Network 13,78,40,4344447,2743648,544,5043.46
49041,Consuella B. York Alt HS,,55,46,4892885,4214979,0,0.0
22551,Andrew Carnegie School,Network 9,53,33,3245463,2420492,364,6649.73
46201,John F Kennedy High School,Network 16,153,108,10084322,8293444,1595,5199.63
22471,Jonathan Burr School,Network 6,45,30,2648152,2001799,461,4342.27
24851,Louis Pasteur School,Network 8,71,42,4525688,3358627,577,5820.83
29081,Franklin Fine Arts Center,Network 4,39,22,2460815,1612633,338,4771.11
25451,John Spry Community School,Network 16,61,43,3486403,2694540,295,9134.0
24081,Rudyard Kipling School,ISP,34,20,1933774,1308719,216,6058.87
29171,Andrew Jackson Language Acad,Network 6,55,23,3223142,1389630,456,3047.46
22211,Jacob Beidler School,Network 5,48,28,2738016,1971723,229,8610.16
22791,Christopher Columbus School,ISP,28,17,1575190,1035074,253,4091.2
25541,William K Sullivan Specialty School,Network 12,58,34,3188775,2112054,403,5240.82
23311,Joseph E Gary School,Network 7,105,69,5501628,4151851,700,5931.19
25591,Douglas Taylor School,Network 13,49,32,3146229,2482837,311,7983.37
26291,Adam Clayton Powell Jr Paideia Community Academy,Network 12,53,32,3302439,2383997,530,4498.1
26451,Brighton Park School,Network 8,47,29,2699525,1876493,285,6584.17
23831,Oliver Wendell Holmes School,Network 8,32,18,2006813,1446478,143,10115.23
23371,William C Goudy School,Network 2,68,47,4363031,3457901,497,6957.55
29301,Ole A Thorp Scholastic Academy,ISP,72,35,4560415,2379426,830,2866.77
29021,Burnside Scholastic Academy,Network 12,51,20,3230678,1635541,274,5969.12
23711,Helen M Hefferan School,Network 5,43,21,2734482,1548833,205,7555.31
25621,George W Tilton School,Network 5,41,21,2409670,1511836,216,6999.25
22601,Rachel Carson School,ISP,108,65,5048798,3471247,715,4854.87
22101,Avalon Park School,Network 12,29,18,1747177,1190979,196,6076.43
29281,Mark Skinner School,Network 6,93,55,5031119,3202539,1143,2801.82
23261,Foster Park School,Network 11,47,24,2560094,1661041,337,4928.94
24451,Francis M Mckay School,Network 10,85,49,5223631,3821903,595,6423.32
29271,Harriet E Sayre Language Acad,Network 3,40,29,2338423,1870211,380,4921.62
23211,Eugene Field School,Network 2,23,14,1062657,646507,128,5050.84
25401,Washington D Smyser School,Network 1,79,56,5263821,4246853,744,5708.1
31141,Pilsen Community Academy,Network 7,54,34,2478741,1805212,215,8396.33
23251,Joseph Kellman Corporate Community School,Network 5,38,24,2294883,1687560,183,9221.65
47081,Frederick W Von Steuben Metropolitan Science Center,Network 14,141,97,9533890,7322092,1703,4299.47
25831,John Whistler School,Network 13,30,19,1879604,1338489,229,5844.96
24871,Ferdinand W Peck School,ISP,126,71,5858663,3949151,731,5402.38
24801,Luke O'Toole School,Network 11,41,24,2377321,1679946,287,5853.47
24971,John T Pirie Fine Arts & Acad,Network 12,37,23,1844247,1322733,197,6714.39
24171,Arthur A Libby School,Network 8,47,26,2500365,1553560,269,5775.33
22571,Charles Carroll School,Network 10,55,33,3079822,2149066,397,5413.24
24381,Roswell B Mason Elementary School,Network 7,43,22,2383922,1629827,215,7580.59
25361,James Shields Elementary School,Network 8,88,57,5400578,4133267,428,9657.15
25791,Daniel Webster School,Network 5,38,19,2309170,1419326,196,7241.45
25411,John M Smyth School,Network 6,61,33,3042921,1909891,327,5840.62
24071,John H Kinzie School,ISP,75,43,4658132,3217877,628,5124.02
24931,Irma C Ruiz School,Network 7,73,49,4758120,3767376,424,8885.31
23951,Edward Jenner Academy Of The Arts,,32,19,2049430,1387129,0,0.0
23871,Thomas Hoyne School,Network 12,28,17,1727261,1188491,219,5426.88
24301,James Madison School,Network 12,27,15,1832456,1185446,200,5927.24
25561,Elizabeth H Sutherland School,Network 10,49,24,3079813,1701509,629,2705.11
24691,Alfred Nobel School,ISP,79,50,3919717,2730796,551,4956.07
22461,Castellanos School,,58,40,3459407,2629022,0,0.0
23291,Frederick Funston School,Network 4,53,34,2957137,2190802,424,5166.98
49081,Jacqueline B Vaughn Occ HS,Network 14,68,25,3349669,1655008,224,7388.44
25781,Thomas J Waters School,Network 2,45,36,3074143,2605698,682,3820.68
22271,Daniel Boone School,Network 2,77,54,4877463,3910552,722,5416.23
51021,Harlan Community Academy HS,Network 17,66,35,3485169,2154830,205,10511.36
29401,Walt Disney Magnet School,Network 2,135,69,7588459,4425267,1447,3058.25
31041,Crown Comm Acad Fine Arts Ct,Network 5,36,20,2141186,1470117,106,13869.03
23101,Edward (Duke) K Ellington Scho,Network 3,72,46,4537132,3480911,482,7221.86
29361,Ted Lenart Regional Gifted Cen,Network 11,25,16,1521150,1113341,301,3698.82
22421,Augustus H Burley Elementary School,Network 4,47,31,3028876,2303972,501,4598.74
22991,Jms R Doolittle Jr In/Up Cy Et,Network 9,32,18,1760272,1246791,243,5130.8
31201,Parkside Community Academy School,Network 12,34,17,1825035,1105001,242,4566.11
25861,John Greenleaf Whittier School,Network 7,32,21,1891146,1361384,228,5971.01
22741,Grover Cleveland School,Network 1,68,44,4160905,3206712,489,6557.73
24951,Marcus Moziah Garvey School,Network 13,28,15,1589398,943406,243,3882.32
53021,Dunbar Vocational Career Acad,Network 17,71,43,4687982,3272057,366,8940.05
41091,Logandale Middle School,Network 4,67,42,4219797,3207821,437,7340.56
22861,Manuel Perez Jr Elementary School,Network 7,37,24,2219703,1668180,293,5693.48
22281,Scott Joplin School,Network 11,40,27,2365046,1757576,263,6682.82
46301,Roger C Sullivan High School,Network 14,76,38,4096295,2346253,790,2969.92
22021,Jane Addams School,Network 13,62,41,3835523,2966027,516,5748.15
22731,Henry Clay School,Network 13,61,42,3725269,2887772,559,5165.98
31221,Charles Sumner Mth/Sci Com Acd,Network 5,32,17,1884709,1263156,183,6902.48
22361,Charles S Brownell School,Network 12,25,11,1416299,703249,141,4987.6
29191,Inter-American Magnet,Network 4,58,38,3432677,2507343,626,4005.34
24331,Horace Mann School,Network 12,46,22,2209583,1174670,245,4794.56
24101,Rodolfo Lozano Bil & Intrnl Ct,Network 6,37,21,2194857,1428080,260,5492.63
53051,Ellen H Richards Career Acad,Network 16,37,22,2194472,1575640,336,4689.35
25841,Eli Whitney School,Network 7,91,57,5612438,4327431,564,7672.75
30031,Walter S Christopher School,Network 8,99,39,5006700,2770482,303,9143.49
67021,Peace and Educ Coalition,,37,21,1898124,1102759,0,0.0
31111,John Hay Community Academy School,Network 3,41,24,2471077,1733845,213,8140.11
24571,Donald L Morrill Mth/Sci Spc S,Network 10,70,47,4241133,3299399,524,6296.56
22041,Louisa May Alcott College Prep,Network 4,100,66,5398779,3984155,548,7270.33
25091,William Claude Reavis School,Network 9,33,20,1708573,1239384,284,4364.04
23481,John C Haines School,Network 6,54,38,3454883,2763440,458,6033.72
25671,Lavizzo Elementray,Network 13,37,20,2111080,1386479,344,4030.45
29121,Frank W Gunsaulus Schol Acad,Network 8,72,49,3393665,2439888,664,3674.52
24421,George B McClellan Elementary School,Network 6,52,30,2597534,1817975,285,6378.87
29241,William Bishop Owen Schol Acad,Network 10,30,13,1713436,747459,284,2631.89
46391,George Henry Corliss High School,Network 17,55,29,3562885,2261143,390,5797.79
22261,James G Blaine School,Network 4,70,44,4316259,3295324,628,5247.34
25331,Arnold Mireles Academy,Network 12,55,31,3068719,2261742,485,4663.38
22491,Milton Brunson Specialty Elementary School,Network 3,57,35,3259261,2353887,427,5512.64
29371,Albert R Sabin Magnet School,Network 6,55,39,3439469,2748622,357,7699.24
46191,Kelvyn Park High School,Network 14,62,35,3846588,2605435,531,4906.68
30081,Frederick Stock School,,47,21,2531374,1515795,0,0.0
25441,Herbert Spencer Math & Science Academy,Network 3,74,43,4152666,3073878,388,7922.36
22031,Louis J Agassiz School,Network 4,56,35,3021590,1911783,339,5639.47
22701,Salmon P Chase School,Network 4,65,38,3420564,2444580,426,5738.45
29151,Maria Saucedo Scholastic Acad,Network 7,106,58,5863574,3721053,908,4098.09
25871,A N Pritzker School,Network 6,69,50,3784611,2899398,681,4257.54
23961,Joseph Jungman School,ISP,43,23,2141273,1431681,295,4853.18
25041,George M Pullman School,Network 13,40,21,1951265,1248173,276,4522.37
49031,Southside Occupational Academy,,98,36,4678720,2366664,0,0.0
46041,William J Bogan Computer Technical High School,Network 16,94,48,6000326,3501957,632,5541.03
31101,Ninos Heroes Academic Center,Network 12,41,24,2318350,1400047,273,5128.37
26421,Mary E Mcdowell School,ISP,20,9,1026723,505458,88,5743.85
22511,Caldwell Acad Of Math Sci/Tech,ISP,32,20,1679510,1170189,200,5850.94
20071,Columbia Explorers Academy,ISP,98,61,4709720,3356554,645,5203.95
26621,Charles H Wacker School,ISP,40,25,2123044,1545032,213,7253.66
29341,Jensen Scholastic Academy School,Network 5,49,30,2598962,1742479,218,7993.03
23671,Phoebe Apperson Hearst School,Network 10,56,23,2747757,1377555,271,5083.23
23011,John B Drake School,Network 9,48,28,2939976,2094884,283,7402.39
23221,John Fiske School,Network 9,51,31,2996802,2123355,361,5881.89
22901,Charles Gates Dawes School,Network 10,86,60,5828831,4742226,888,5340.4
23431,Nathanael Greene School,Network 8,64,40,3192675,2398903,319,7520.09
22481,John C Burroughs School,Network 8,45,27,2796321,2024128,288,7028.22
23071,Edgebrook School,Network 1,42,30,2541874,1972661,526,3750.34
31121,Thomas A Hendricks Community Academy,Network 9,40,20,2042971,1368934,184,7439.88
23391,Alexander Graham School,Network 6,47,30,2632497,1919645,361,5317.55
23511,John H Hamline School,Network 8,69,41,3410564,2381020,522,4561.35
24881,Washington Irving School,Network 6,55,35,2945323,2246305,307,7316.94
29211,Annie Keller Regnl Gift Mag Sc,Network 10,24,15,1444216,870677,221,3939.69
26731,Barbara Vick Early Childhood & Family Center,,48,24,2578526,1779595,0,0.0
24601,Mount Vernon School,Network 13,32,20,1709719,1092838,215,5082.99
25571,George B Swift Specialty Schoo,Network 2,69,50,4066846,3313540,512,6471.75
23351,Jesse Owens Elem Comm Academy,Network 13,51,24,2504551,1272359,323,3939.18
49101,Ray Graham Training Center,,51,19,2509181,1324505,0,0.0
32081,Ashburn Community Area School,Network 10,56,36,3292426,2349072,310,7577.65
23441,John Gregory School,Network 5,41,22,2259400,1503144,237,6342.39
31081,Stephen F Gale Comm Academy,Network 2,50,24,2729884,1481839,338,4384.13
25991,Joseph Brennemann School,Network 2,60,28,2774319,1656768,473,3502.66
23801,William G Hibbard School,Network 1,95,65,5927000,4705757,840,5602.08
24131,Wendell E Green School,Network 11,40,24,2312667,1569639,277,5666.57
22431,Burnham/Anthony Inclusive Academy,Network 13,62,36,3008171,1939452,370,5241.79
22221,Hiram H Belding School,,52,36,3341283,2626825,0,0.0
24621,John B Murphy School,Network 1,56,40,3409363,2663927,526,5064.55
32021,Lionel Hamptn Fin/Perf Art Sch,Network 10,57,37,3237394,2443705,417,5860.19
29131,Hawthorne Scholastic Academy,Network 4,57,29,3574731,2031423,646,3144.61
23241,Fort Dearborn School,Network 11,39,24,2297411,1846648,323,5717.18
26431,Edward H White,Network 13,22,13,1275760,803315,117,6865.94
25391,Theophilus Schmid School,Network 12,27,16,1510576,1135210,175,6486.92
25751,James Ward School,Network 6,56,38,3158924,2437199,491,4963.77
31061,Ralph H Metcalfe Com Acad Sch,Network 13,38,21,2225326,1405261,319,4405.22
25111,Peter A Reinberg School,Network 1,86,58,5497006,4272389,750,5696.53
26191,Arthur R Ashe Jr School,Network 12,29,18,2053179,1503784,346,4346.2
41121,Northwest Middle,Network 3,49,28,2549085,1688026,537,3143.41
23411,Josefa Ortiz De Dominguez Elementary School New Gary,Network 7,60,35,3295181,2259262,386,5853.02
24311,George Manierre School,Network 4,53,29,2939200,1999484,267,7488.7
29251,John J Pershing East Mag Sch,Network 9,57,40,3473840,2748072,409,6718.99
22721,Frederic Chopin School,Network 5,63,37,3541148,2567828,309,8310.14
26201,John T Mccutcheon School,Network 2,66,36,3556817,2359250,314,7513.51
25181,Martha M Ruggles Elementary School,Network 12,38,24,2236628,1644800,266,6183.46
23921,Friedrich L Jahn School,Network 4,47,31,2568116,1994001,330,6042.43
29051,Leif Ericson Scholastic Academ,Network 5,44,27,2896946,2057219,301,6834.62
23501,Alexander Hamilton School,Network 4,45,30,2618683,1918946,502,3822.57
22191,George Rogers Clark School,ISP,31,18,1705326,1172181,136,8618.98
23721,Charles R Henderson School,Network 8,28,18,1614864,1132664,225,5034.05
26701,Fairfield Academy,Network 10,49,32,2412923,1797860,470,3825.28
24791,James Otis School,Network 6,61,38,3587911,2731628,348,7849.46
23551,Sharon Christa Mcauliffe Schoo,Network 4,69,48,4049198,3198320,496,6448.25
24511,Ellen Mitchell School,ISP,41,26,2180151,1597873,445,3590.75
31151,Charles Kozminski Com Acad,Network 9,30,17,1558778,1136387,238,4774.73
26771,Belmont-Cragin School,Network 3,58,31,3066844,1866699,524,3562.39
29031,Stephen Decatur Classical Scho,Network 2,26,11,1606567,763998,337,2267.08
30071,Blair Early Childhood Center,,53,22,2841118,1556778,0,0.0
23731,Patrick Henry School,Network 1,50,36,2968628,2302835,407,5658.07
26351,Genevieve Melody School,Network 5,57,26,3270846,1834093,315,5822.51
26441,Amelia Earhart Opt for Know Sc,Network 12,24,13,1465164,929030,186,4994.78
22151,Clara W Barton School,Network 11,49,29,2819578,2010084,403,4987.81
30121,Wilma G Rudolph Learning Center,,46,14,2496950,1099182,0,0.0
23791,Agustin Lara Academy,ISP,47,29,2805432,2039753,298,6844.8
53071,George Westinghouse High School,Network 15,107,73,6386629,4772146,1259,3790.44
25941,Carrie Jacobs Bond,Network 11,42,22,1924750,1179476,248,4755.94
24371,Michael Faraday School,Network 5,35,19,2064703,1433383,172,8333.61
29111,A Philip Randolph Magnet School,Network 11,45,30,3035303,2369395,305,7768.49
24651,Jane A Neil School,Network 12,68,25,2954131,1352113,229,5904.43
26061,Jackie R Robinson School,Network 9,23,12,1293664,808515,100,8085.15
22651,George F Cassell School,ISP,55,27,3051658,1950720,338,5771.36
49091,Hope College Prep HS,,33,13,1846322,983777,0,0.0
11672,Diverse Lrn Pupil Pers Service,,77,9,4991049,725996,0,0.0
25811,Daniel S Wentworth School,,60,35,3037777,2041290,0,0.0
41041,Francisco I Madero Mid School,Network 7,34,14,2077532,917804,223,4115.72
22641,Ira F Aldridge School,Network 13,22,12,948080,539716,203,2658.69
24551,Bernhard Moos School,Network 5,61,44,3107261,2404959,436,5515.94
53111,Manley Career Comm Academy HS,Network 15,30,13,1677605,832597,137,6077.35
46491,Bowen High School,Network 17,52,24,2515878,1488104,255,5835.71
26371,MLK Academy of Social Justice,Network 11,31,18,1570244,957396,198,4835.34
55011,Phoenix Military Academy,ISP,63,40,3540858,2111745,381,5542.64
26841,North River School,Network 1,41,25,2057945,1373627,302,4548.43
31301,Claremont Academy,Network 10,55,31,3241645,2323227,307,7567.54
23881,Paul Cuffe Elementary School,Network 11,38,25,2475393,1833336,216,8487.66
23321,Frank L Gillespie School,Network 12,58,39,3053464,2344317,310,7562.35
55171,School of Social Justice (at Little Village),Network 15,43,27,2382610,1747151,286,6108.92
55151,"Infinity Mth, Sci and Tech HS",Network 15,43,33,2587955,1956594,411,4760.55
55191,Bronzeville Schol Institute,Network 17,37,26,2352038,1745627,121,14426.69
55181,Multicultural Arts High School (at Little Village),Network 15,33,26,1944744,1594091,262,6084.31
55161,Daniel Hale Wms Prp Sch of Med,Network 17,35,20,2118054,1601927,84,19070.57
26751,Johnnie Colemon School,Network 13,26,15,1641832,1147802,157,7310.83
23631,Woodlawn Community,Network 9,20,13,1205300,877577,150,5850.51
22071,New Field School,Network 2,71,47,3904869,3039513,479,6345.55
22621,George Washington Carver Elem,Network 13,53,31,3341424,2432562,440,5528.56
24811,Wells Preparatory School,Network 9,43,30,2632699,2013094,311,6472.99
46481,Chicago Academy High School,Network 14,52,37,2997913,2420944,589,4110.28
25061,Ravenswood School,Network 2,55,37,3319860,2555425,478,5346.09
26461,Evergreen Academy School,Network 8,33,21,2139117,1550095,197,7868.51
26821,Calmeca Acad of Arts & Dual Lg,Network 8,75,48,3945556,3035514,582,5215.66
26321,Benjamin E Mays Academy,Network 11,47,27,2635876,1957821,268,7305.3
46461,Spry Community Links High School,Network 16,23,16,1448792,1015583,85,11948.06
32031,National Teachers' Academy (NTA),Network 6,65,44,3673285,2802575,696,4026.7
45221,Rickover Naval Academy,ISP,55,35,3613025,2259809,537,4208.22
41081,Thurgood Marshall Middle School,,3,1,218691,65025,0,0.0
46471,Al Raby High School,Network 15,64,35,3313580,2180239,122,17870.81
22951,Dewey Academy Of Multiclt Stud,Network 8,51,26,2498591,1496802,247,6059.93
12670,City Wide Education General,,144,129,9350679,7836151,0,0.0
11880,Facility Opers & Maint - City Wide,,1362,0,68055467,0,0,0.0
11940,School Transportation - City Wide,,887,0,11184393,0,0,0.0
23771,Theodore Herzl School,Network 7,88,39,3507333,1853340,402,4610.29
10615,CW Safety and Security,,150,0,5418960,0,0,0.0
12050,Nutrition Support Services - City Wide,,303,0,5966089,0,0,0.0
12410,Corporate Accounting,,33,0,1885869,0,0,0.0
11890,CPS Warehouse,,29,0,1880915,0,0,0.0
11540,Language & Cultural Education - City Wide,,25,0,2042310,0,0,0.0
14050,Office of Student Health & Wellness,,67,0,3285944,0,0,0.0
66291,"Architecture, Construction, and Engineering (ACE) Technical Charter School",,5,0,83932,0,0,0.0
25502,Joseph Stockton Child-Parent-Center - Stockton,,1,0,14270,0,0,0.0
23641,Wendell Smith School,Network 13,39,21,2044184,1307235,327,3997.65
24781,Brian Piccolo Elementary School,Network 5,64,40,3078451,2144909,578,3710.86
26521,Amos A Stagg School,Network 11,47,26,2020329,1239269,359,3452.03
23271,Melville W Fuller School,Network 9,39,22,1902748,1242735,274,4535.54
10610,Safety & Security,,44,0,2537580,0,0,0.0
66171,Young Women Lead Charter Schoo,,3,0,109196,0,0,0.0
24341,Marquette Elementary,Network 10,122,67,5563017,3620288,947,3822.91
25412,Bernice F Joyner Child-Parent- Center Br - Smyth,,1,0,38663,0,0,0.0
24011,Pablo Casals School,Network 5,50,29,2114067,1316444,301,4373.55
12620,Grant Funded Programs Office,,22,0,1437503,0,0,0.0
52011,World Language High School (at Little Village),Network 15,38,27,2230146,1646920,406,4056.44
26791,Tarkington School of Excellence,Network 10,90,58,4978473,3609735,775,4657.7
26861,Uplift Community High School,Network 14,44,25,2312365,1497832,234,6400.97
26881,Suder Montessori Magnet School,Network 6,52,26,2848974,1789551,446,4012.44
66351,ASPIRA Charter-Haugan Middle,,5,0,120457,0,0,0.0
66321,University of Chicago Charter School - Donoghue Campus,,3,0,78875,0,0,0.0
66151,Alain Locke Charter School,,3,0,52442,0,0,0.0
46521,Devry University Adv Academy,,13,9,930271,641001,0,0.0
26891,Velma Thomas Early Child Ctr,,36,16,1685054,914134,0,0.0
66331,Erie Elementary Charter School,,2,0,35756,0,0,0.0
12510,Information & Technology Svcs,,129,0,10614934,0,0,0.0
10210,General Counsel,,78,0,6286074,0,0,0.0
11010,Talent Office,,71,1,4949569,129196,0,0.0
11201,Access and Enrollment,,14,0,1054634,0,0,0.0
10110,Board of Trustees,,8,0,666417,0,0,0.0
10430,Internal Audit & Compliance,,15,0,1319020,0,0,0.0
15010,School Support Center,,89,0,4103922,0,0,0.0
12010,Nutrition Support Services,,26,0,1462819,0,0,0.0
10910,LSC Relations,,12,0,729311,0,0,0.0
5261,Department of JROTC,,11,0,960209,0,0,0.0
10320,Inspector General,,18,0,1225200,0,0,0.0
12210,Procurement,,19,0,1210927,0,0,0.0
11860,Facility Operations & Maintenance,,14,0,993832,0,0,0.0
11360,Early Childhood,,7,0,476000,0,0,0.0
12430,Accounts Payable,,8,0,470131,0,0,0.0
10510,External Communications,,14,0,1065545,0,0,0.0
11610,Diverse Learner Supt&Svcs,,57,0,4861680,0,0,0.0
11870,Transportation,,33,0,1932044,0,0,0.0
12610,Budget & Management Office,,21,0,1781580,0,0,0.0
12450,Payroll Services,,24,0,1466045,0,0,0.0
25341,William T. Sherman Elementary School of Excellence,Network 8,32,19,1360668,875330,210,4168.24
12440,Treasury,,7,0,505400,0,0,0.0
11910,Real Estate,,5,0,348000,0,0,0.0
14010,Chief Administrative Officer,,1,0,195000,0,0,0.0
49161,TEAM Englewood Community Academy,,33,14,1562700,770761,0,0.0
29411,Frazier Intl Baccl Mag School,ISP,27,21,1566320,1244365,129,9646.23
46621,VOISE Academy HS,Network 15,45,24,2557515,1626088,153,10628.03
23581,John Harvard Elem Sch of Excel,Network 11,45,24,2131491,1286750,359,3584.3
12150,City Wide Capital Operations,,7,0,732750,0,0,0.0
49131,Collins Academy High School,Network 15,45,26,2233673,1492667,241,6193.61
26901,Frazier Prepartatory Academy,,4,0,107149,0,0,0.0
66254,ASPIRA Charter - Early College Campus,Charter,2,0,41020,0,266,0.0
29101,LaSalle Language Magnet School,ISP,60,41,3796767,2932944,582,5039.42
29391,Davis Magnet School,ISP,30,17,1671323,1077573,130,8289.03
23281,Robert Fulton School,Network 8,44,28,2568578,1861416,331,5623.63
12280,Business Diversity,,3,0,210770,0,0,0.0
26921,Disney II Magnet School,Network 14,108,72,5566629,4143529,427,9703.86
26091,Morton School of Excellence,Network 5,44,24,1941136,1240512,258,4808.2
28151,Orr Academy,Network 15,47,26,2642162,1752379,308,5689.55
23851,Julia Ward Howe School,Network 3,50,31,2240835,1442926,342,4219.07
28081,Edison Park Elementary School,Network 1,59,35,3247865,2268506,399,5685.45
11510,Language and Cultural Education,,5,0,519100,0,0,0.0
15500,Planning and Data Management,,9,0,485000,0,0,0.0
10811,School Quality Measurement,,14,0,1198433,0,0,0.0
22841,Anna R. Langford Comm Acad,Network 11,33,20,1971573,1372485,158,8686.61
46151,Harper High School,,37,16,2328494,1333314,0,0.0
63011,Global Citizenship School,,6,0,136834,0,0,0.0
26541,Carter G Woodson South,Network 9,45,24,2372060,1558452,281,5546.1
14060,Family & Community Engagement,,32,0,1787384,0,0,0.0
66281,Chicago Math and Science Academy (CMSA) Charter School,Charter,2,0,18374,0,608,0.0
45231,Air Force Academy High School,Network 16,40,21,2259143,1367221,142,9628.32
22441,Irene C. Hernandez Middle Schl,ISP,89,61,5032323,4013701,712,5637.22
22251,South Shore Fine Arts Academy,Network 12,57,29,2838028,1731989,211,8208.45
26141,John Fostr Dulles Sch of Excel,Network 9,66,35,2962175,1736422,656,2647.0
26231,James W Johnson Sch of Excel,Network 5,50,28,2527275,1697386,171,9926.24
22591,Skinner North,Network 4,39,26,2303561,1707290,513,3328.07
22581,Dr. Jorge Prieto Math & Sci Ac,Network 3,92,65,5583145,4481500,693,6466.8
22451,Hughes/Davis,Network 13,60,36,3752020,2783487,434,6413.56
46111,Christian Fenger Academy,Network 17,38,17,2240632,1174238,214,5487.09
10710,Executive Office,,8,0,1135000,0,0,0.0
63031,Hope Institute Learning Academy,,4,0,92971,0,0,0.0
63081,EPIC Academy,Charter,2,0,39558,0,262,0.0
63041,Kwame Nkrumah Academy,,2,0,35990,0,0,0.0
11210,Assessment,,8,0,544357,0,0,0.0
14040,External Affairs & Partnership,,2,0,215000,0,0,0.0
10450,Intergovernmental Relations,,7,0,748600,0,0,0.0
2541,Principal Quality,,47,0,3635727,0,0,0.0
22291,Myra Bradwell Schl of Excellen,Network 12,61,34,2979667,1866523,477,3913.07
22341,Federico Garcia Lorca Elementary School,Network 4,76,53,4402652,3621242,618,5859.66
23061,George W Curtis School,Network 13,56,31,2912633,1896374,331,5729.22
22931,Charles S Deneen School,Network 12,56,30,2527248,1500299,413,3632.68
22921,Mariano Azuela Elementary School,Network 10,85,52,4185021,2941056,662,4442.67
22381,West Ridge Elementary School,ISP,75,49,4116644,3139813,596,5268.16
22691,Marvin Camras Elementary School,ISP,89,62,5462168,4405752,692,6366.71
46261,Wendell Phillips Academy,Network 17,74,41,4256453,2566916,444,5781.31
46101,Eric Solorio Academy High School,Network 15,118,74,6038507,4169599,1242,3357.17
47041,John Marshall Metro High Schoo,Network 15,60,34,3763518,2531195,198,12783.81
13725,Early College and Career,,36,0,2268293,0,0,0.0
11116,AUSL Program Support,,56,50,1643109,1056608,0,0.0
12460,Risk Management,,1,0,113653,0,0,0.0
63091,Chicago Tech Academy HS,Contract,2,0,63432,0,342,0.0
66571,Rowe Elementary,,6,0,125994,0,0,0.0
66442,Urbn Prp Chrt HS-Yng Men-Brnzv,Charter,2,0,45209,0,154,0.0
46631,South Shore Intl Colg Prep HS,Network 17,61,36,4086163,2744923,622,4413.06
22711,STEM Magnet Academy,ISP,45,34,2404491,1893741,406,4664.4
63071,Urban Prep Chr Acd Yng Mn-West,,2,0,39623,0,0,0.0
63051,Chicago High School for the Arts,Contract,6,0,168903,0,574,0.0
10845,"Magnet, Gifted and IB Programs",,6,0,592148,0,0,0.0
10895,Social and Emotional Learning,,9,0,716510,0,0,0.0
11371,Student Support and Engagement,,19,0,1080628,0,0,0.0
10825,Dept. of Personalized Learning,,8,0,348000,0,0,0.0
11551,Instructional Supports,,5,0,402450,0,0,0.0
13716,Science,,5,0,357998,0,0,0.0
13700,Literacy,,7,0,242641,0,0,0.0
10813,Soc Science & Civic Engagement,,6,0,473000,0,0,0.0
13717,Mathematics,,4,0,367565,0,0,0.0
10890,Arts,,5,0,242100,0,0,0.0
10816,Chief Education Office,,8,0,771200,0,0,0.0
13737,Sports Administration and Facilities Management - City Wide,,14,0,1014696,0,0,0.0
10850,Counseling & Pstsecondary Adv,,13,0,845088,0,0,0.0
10810,Office of Teaching & Learning,,11,0,671217,0,0,0.0
66113,U of C Chrt - Woodson Sth Camp,,5,0,114007,0,0,0.0
11110,Network Support,,12,0,1171300,0,0,0.0
10875,CW-Pathwys to Collge & Careers,,34,4,1800905,165806,0,0.0
13740,Strategic Schl Supt Srvcs,,6,0,289698,0,0,0.0
5281,Office of Education Options,,1,0,78700,0,0,0.0
66031,KIPP - Create College Prep,,2,0,42416,0,0,0.0
27091,James Shields Middle School,Network 8,63,40,3681043,2771743,337,8224.76
10898,Social and Emotional Learning - City Wide,,21,0,1788400,0,0,0.0
11070,Talent Office - Citywide,,14,0,1323000,0,0,0.0
46611,Sarah Goode HS,Network 16,86,58,4810902,3493535,985,3546.76
66261,KIPP Ascend Charter School,,3,0,58165,0,0,0.0
10855,CW-Counseling & Pstsecondry Ad,,29,0,1237353,0,0,0.0
46551,Back of the Yards,ISP,101,62,5254014,3161979,1068,2960.67
22671,Thomas Chalmers Specialty Sch,Network 5,41,23,1641644,916075,187,4898.78
24751,Isabell C O'Keeffe School,Network 12,68,39,2880792,1852967,548,3381.32
24151,Leslie Lewis School,Network 3,51,32,2430403,1726672,356,4850.24
22611,William W Carter School,Network 9,38,23,1735841,1121487,245,4577.53
46641,Richard T Crane Med Tech HS,Network 15,57,38,3185461,2355621,308,7648.12
66112,U of C Chr-Woodlawn,Charter,5,0,103496,0,684,0.0
66691,Intrinsic Schools Charter,Charter,6,0,83867,0,959,0.0
63141,Chicago Excel/Camelot,,3,0,53914,0,0,0.0
66511,Austin Multiplex,,2,0,16932,0,0,0.0
2411,Network 1,,7,0,679775,0,0,0.0
2421,Network 2,,7,0,767813,0,0,0.0
2431,Network 3,,12,0,957531,0,0,0.0
2441,Network 4,,7,0,706102,0,0,0.0
2451,Network 5,,8,0,688449,0,0,0.0
2471,Network 7,,7,0,746540,0,0,0.0
2481,Network 8,,9,0,690888,0,0,0.0
2511,Network 11,,11,0,1160711,0,0,0.0
2521,Network 12,,7,0,716706,0,0,0.0
2531,Network 13,,10,0,954618,0,0,0.0
2491,Network 9,,9,0,726245,0,0,0.0
2461,Network 6,,7,0,571173,0,0,0.0
2501,Network 10,,6,0,624131,0,0,0.0
13610,Innovation and Incubation,,9,0,735000,0,0,0.0
13727,Early College and Career - City Wide,,8,3,462153,50653,0,0.0
11674,Diverse Lrn Quality Instruct,,59,0,5062751,0,0,0.0
26301,Ronald E Mcnair Academic Cente,Network 3,60,26,2732479,1409019,296,4760.25
23451,Walter Q Gresham Elementary SchoolÂ of Excellence,Network 11,40,23,1831805,1119380,292,3833.48
26051,Anton Dvorak Specialty Academy,Network 7,50,26,2085723,1225253,263,4658.82
10870,College and Career Success Office,,2,0,230000,0,0,0.0
49121,Little Village Multiplex,,4,1,191033,88903,0,0.0
63181,Horizon Science Academy-Southwest Chicago Charter,Charter,2,0,39558,0,735,0.0
66641,Legal Prep Charter Academy,Charter,1,0,18578,0,214,0.0
66941,Foundations College Prep,,3,0,56772,0,0,0.0
10871,STEM Programs,,3,0,321309,0,0,0.0
10406,Freedom of Information Act Off,,5,0,348000,0,0,0.0
66951,Great Lakes Academy,,3,0,53010,0,0,0.0
66671,Chicago Collegiate Charter School,Charter,2,0,41239,0,190,0.0
11810,Finance,,2,0,295000,0,0,0.0
66091,North Lawndale Chtr-Christiana,Charter,2,0,66091,0,252,0.0
46681,Walter Henri Dyett High School,Network 17,24,11,1005306,461227,526,876.85
66255,ASPIRA Business/Finance Chrtr,Charter,3,0,71593,0,417,0.0
66911,Charter for Chgo Edu Partners,,2,0,50424,0,0,0.0
66627,YCCS-West Town Acad Alt HS,,2,0,33365,0,0,0.0
66618,YCCS-Jane Addams Alt HS,,2,0,27649,0,0,0.0
65019,Banner Academy West,,1,0,18578,0,0,0.0
22631,Southeast Area School,Network 13,45,28,2177458,1610498,627,2568.58
63161,Little Black Pearl,,1,0,20007,0,0,0.0
66107,YCCS-McKinley-Lakeside HS,,2,0,38162,0,0,0.0
66591,Montessori Schl-Englwd Chrtr,,2,0,38162,0,0,0.0
63144,Excel Academy Southwest,,1,0,20007,0,0,0.0
66629,YCCS-Youth Connection Acad HS,,2,0,35756,0,0,0.0
66617,YCCS-Innovations of Art Integr,,2,0,42416,0,0,0.0
66623,YCCS-Sullivan House Alt HS,,1,0,18578,0,0,0.0
66614,YCCS-Community Youth Dev Inst,,1,0,21436,0,0,0.0
